Datetime,Water Level (m)
2025-03-07 06:00:00,-0.76543504
2025-03-07 07:00:00,-0.43343106
2025-03-07 08:00:00,-0.1047318
2025-03-07 09:00:00,0.14768474
2025-03-07 10:00:00,0.35463402
2025-03-07 11:00:00,0.441256
2025-03-07 12:00:00,0.3762741
2025-03-07 13:00:00,0.17318967
2025-03-07 14:00:00,-0.09233463
2025-03-07 15:00:00,-0.33091646
2025-03-07 16:00:00,-0.5159522
2025-03-07 17:00:00,-0.6398661
2025-03-07 18:00:00,-0.6783901
2025-03-07 19:00:00,-0.5802087
2025-03-07 20:00:00,-0.36457422
2025-03-07 21:00:00,-0.16000786
2025-03-07 22:00:00,-0.056589223
2025-03-07 23:00:00,-0.052931152
2025-03-08 00:00:00,-0.13618384
2025-03-08 01:00:00,-0.25242582
2025-03-08 02:00:00,-0.37927878
2025-03-08 03:00:00,-0.51536685
2025-03-08 04:00:00,-0.6561198
2025-03-08 05:00:00,-0.77532184
2025-03-08 06:00:00,-0.842862
2025-03-08 07:00:00,-0.7944019
2025-03-08 08:00:00,-0.5829812
2025-03-08 09:00:00,-0.29180554
2025-03-08 10:00:00,-0.014256432
2025-03-08 11:00:00,0.20226891
2025-03-08 12:00:00,0.32836792
2025-03-08 13:00:00,0.35165277
2025-03-08 14:00:00,0.27528608
2025-03-08 15:00:00,0.09012473
2025-03-08 16:00:00,-0.14808428
2025-03-08 17:00:00,-0.36401197
2025-03-08 18:00:00,-0.5375196
2025-03-08 19:00:00,-0.6686835
2025-03-08 20:00:00,-0.7395558
2025-03-08 21:00:00,-0.7188569
2025-03-08 22:00:00,-0.52857137
2025-03-08 23:00:00,-0.26829943
2025-03-09 00:00:00,-0.08908362
2025-03-09 01:00:00,-0.029404929
2025-03-09 02:00:00,-0.044491008
2025-03-09 03:00:00,-0.14000086
2025-03-09 04:00:00,-0.31396556
2025-03-09 05:00:00,-0.52058
2025-03-09 06:00:00,-0.70341724
2025-03-09 07:00:00,-0.8391894
2025-03-09 08:00:00,-0.90341145
2025-03-09 09:00:00,-0.82572794
2025-03-09 10:00:00,-0.538865
2025-03-09 11:00:00,-0.18053874
2025-03-09 12:00:00,0.12061794
2025-03-09 13:00:00,0.34385493
2025-03-09 14:00:00,0.45578855
2025-03-09 15:00:00,0.42036813
2025-03-09 16:00:00,0.2170449
2025-03-09 17:00:00,-0.09542195
2025-03-09 18:00:00,-0.38286948
2025-03-09 19:00:00,-0.6101852
2025-03-09 20:00:00,-0.7909849
2025-03-09 21:00:00,-0.9130775
2025-03-09 22:00:00,-0.9389592
2025-03-09 23:00:00,-0.7283929
2025-03-10 00:00:00,-0.36946133
2025-03-10 01:00:00,-0.05097259
2025-03-10 02:00:00,0.09971595
2025-03-10 03:00:00,0.13863087
2025-03-10 04:00:00,0.04584541
2025-03-10 05:00:00,-0.18741862
2025-03-10 06:00:00,-0.46777773
2025-03-10 07:00:00,-0.69282705
2025-03-10 08:00:00,-0.8712475
2025-03-10 09:00:00,-0.9940913
2025-03-10 10:00:00,-0.986808
2025-03-10 11:00:00,-0.67130536
2025-03-10 12:00:00,-0.23375186
2025-03-10 13:00:00,0.16430621
2025-03-10 14:00:00,0.4468958
2025-03-10 15:00:00,0.5944476
2025-03-10 16:00:00,0.5424346
2025-03-10 17:00:00,0.27452245
2025-03-10 18:00:00,-0.10345091
2025-03-10 19:00:00,-0.42068696
2025-03-10 20:00:00,-0.66636014
2025-03-10 21:00:00,-0.87485677
2025-03-10 22:00:00,-1.0215309
2025-03-10 23:00:00,-1.0463029
2025-03-11 00:00:00,-0.7274206
2025-03-11 01:00:00,-0.28559136
2025-03-11 02:00:00,0.09638386
2025-03-11 03:00:00,0.30783507
2025-03-11 04:00:00,0.370857
2025-03-11 05:00:00,0.22300333
2025-03-11 06:00:00,-0.1096298
2025-03-11 07:00:00,-0.45030394
2025-03-11 08:00:00,-0.6999068
2025-03-11 09:00:00,-0.90369266
2025-03-11 10:00:00,-1.0422378
2025-03-11 11:00:00,-1.0129524
2025-03-11 12:00:00,-0.61915904
2025-03-11 13:00:00,-0.13446191
2025-03-11 14:00:00,0.30133763
2025-03-11 15:00:00,0.60402715
2025-03-11 16:00:00,0.7444393
2025-03-11 17:00:00,0.66661644
2025-03-11 18:00:00,0.32778308
2025-03-11 19:00:00,-0.09240594
2025-03-11 20:00:00,-0.42386168
2025-03-11 21:00:00,-0.6848489
2025-03-11 22:00:00,-0.90454376
2025-03-11 23:00:00,-1.0518261
2025-03-12 00:00:00,-1.0034149
2025-03-12 01:00:00,-0.5254018
2025-03-12 02:00:00,-0.010462206
2025-03-12 03:00:00,0.3734722
2025-03-12 04:00:00,0.57098055
2025-03-12 05:00:00,0.56224835
2025-03-12 06:00:00,0.29581362
2025-03-12 07:00:00,-0.11469712
2025-03-12 08:00:00,-0.46138573
2025-03-12 09:00:00,-0.71437204
2025-03-12 10:00:00,-0.92383635
2025-03-12 11:00:00,-1.0540763
2025-03-12 12:00:00,-0.9498881
2025-03-12 13:00:00,-0.42762613
2025-03-12 14:00:00,0.13981892
2025-03-12 15:00:00,0.6043396
2025-03-12 16:00:00,0.90747356
2025-03-12 17:00:00,0.97689855
2025-03-12 18:00:00,0.74234426
2025-03-12 19:00:00,0.26738542
2025-03-12 20:00:00,-0.16551735
2025-03-12 21:00:00,-0.47500327
2025-03-12 22:00:00,-0.73612714
2025-03-12 23:00:00,-0.9350444
2025-03-13 00:00:00,-1.0240179
2025-03-13 01:00:00,-0.70954084
2025-03-13 02:00:00,-0.13895424
2025-03-13 03:00:00,0.4021061
2025-03-13 04:00:00,0.70864266
2025-03-13 05:00:00,0.8073874
2025-03-13 06:00:00,0.6452433
